Country,CountryCode,Currency,Code
New Zealand,NZ,New Zealand Dollars,NZD,
Australian,AU,Australian Dollars,AUD
Germany,DE,Euros,EUR
United Kingdom,GB,Sterling,GBP
United States,US,USD,USD
Hong Kong,HK,HKD,HKD
Canada,CA,Canadian Dollar,CAD
Japan,JP,Japanese Yen,JPY
Afghanistan,AF,Afghani,AFN
Albania,AL,Lek,ALL
Algeria,DZ,Algerian Dinar,DZD
Anguilla,AI,East Caribbean Dollar,XCD
Argentina,AR,Peso,ARS
Armenia,AM,Dram,AMD
Netherlands Antilles,AN,Netherlands Antilles Guilder,ANG
Azerbaijan,AZ,Manat,AZN
Bahamas,BS,Bahamian Dollar,BSD
Bahrain,BH,Bahraini Dinar,BHD
Bangladesh,BD,Taka,BDT
Barbados,BB,Barbadian Dollar,BBD
Belize,BZ,Belizean Dollar,BZD
Senegal,SN,CFA Franc BCEAO,XOF
Bermuda,BM,Bermudian Dollar,BMD
India,IN,Indian Rupee,INR
Bolivia,BO,Boliviano,BOB
Botswana,BW,Pula,BWP
Norway,NO,Norwegian Krone,NOK
Brazil,BR,Brazil,BRL
Brunei Darussalam,BN,Bruneian Dollar,BND
Bulgaria,BG,Lev,BGN
Burundi,BI,Burundi Franc,BIF
Cambodia,KH,Riel,KHR
Cameroon,CM,CFA Franc BEAC,XAF
Cape Verde,CV,Escudo,CVE
Cayman Islands,KY,Caymanian Dollar,KYD
Chile,CL,Chilean Peso,CLP
China,CN,Yuan Renminbi,CNY
Colombia,CO,Peso,COP
Comoros,KM,Comoran Franc,KMF
Costa Rica,CR,Costa Rican Colon,CRC
Croatia (Hrvatska),HR,Croatian Dinar,HRK
Cuba,CU,Cuban Peso,CUP
Czech Republic,CZ,Koruna,CZK
Denmark,DK,Danish Krone,DKK
Djibouti,DJ,Djiboutian Franc,DJF
Dominican Republic,DO,Dominican Peso,DOP
Indonesia,ID,Indonesian Rupiah,IDR
Egypt,EG,Egyptian Pound,EGP
Ethiopia,ET,Ethiopian Birr,ETB
Falkland Islands (Malvinas),FK,Falkland Pound,FKP
Fiji,FJ,Fijian Dollar,FJD
French Polynesia,PF,CFP Franc,XPF
Gambia,GM,Dalasi,GMD
Georgia,GE,Lari,GEL
Gibraltar,GI,Gibraltar Pound,GIP
Guatemala,GT,Quetzal,GTQ
Guinea,GN,Guinean Franc,GNF
Guyana,GY,Guyanaese Dollar,GYD
Haiti,HT,Gourde,HTG
Honduras,HN,Lempira,HNL
Hungary,HU,Forint,HUF
Iceland,IS,Icelandic Krona,ISK
Iran (Islamic Republic of),IR,Iranian Rial,IRR
Iraq,IQ,Iraqi Dinar,IQD
Israel,IL,Shekel,ILS
Jamaica,JM,Jamaican Dollar,JMD
Jordan,JO,Jordanian Dinar,JOD
Kazakhstan,KZ,Tenge,KZT
Kenya,KE,Kenyan Shilling,KES
Korea South,KR,Won,KRW
Kuwait,KW,Kuwaiti Dinar,KWD
Kyrgyzstan,KG,Som,KGS
Lebanon,LB,Lebanese Pound,LBP
Lesotho,LS,Loti,LSL
Liberia,LR,Liberian Dollar,LRD
Libyan Arab Jamahiriya,LY,Libyan Dinar,LYD
Switzerland,CH,Swiss Franc,CHF
Macau,MO,Pataca,MOP
Macedonia,MK,Denar,MKD
Madagascar,MG,Malagasy Franc,MGA
Malawi,MW,Malawian Kwacha,MWK
Malaysia,MY,Ringgit,MYR
Maldives,MV,Rufiyaa,MVR
Mauritius,MU,Mauritian Rupee,MUR
Mexico,MX,Peso,MXN
Moldova Republic of,MD,Leu,MDL
Mongolia,MN,Tugrik,MNT
Morocco,MA,Dirham,MAD
Mozambique,MZ,Metical,MZN
Myanmar,MM,Kyat,MMK
Namibia,NA,Dollar,NAD
Nepal,NP,Nepalese Rupee,NPR
Nicaragua,NI,Cordoba Oro,NIO
Nigeria,NG,Naira,NGN
Oman,OM,Sul Rial,OMR
Pakistan,PK,Rupee,PKR
Panama,PA,Balboa,PAB
Papua New Guinea,PG,Kina,PGK
Paraguay,PY,Guarani,PYG
Peru,PE,Nuevo Sol,PEN
Philippines,PH,Peso,PHP
Poland,PL,Zloty,PLN
Qatar,QA,Rial,QAR
Romania,RO,Leu,RON
Russian Federation,RU,Ruble,RUB
Rwanda,RW,Rwanda Franc,RWF
Saudi Arabia,SA,Riyal,SAR
Seychelles,SC,Rupee,SCR
Sierra Leone,SL,Leone,SLL
Singapore,SG,Dollar,SGD
Solomon Islands,SB,Solomon Islands Dollar,SBD
Somalia,SO,Shilling,SOS
South Africa,ZA,Rand,ZAR
Sri Lanka,LK,Rupee,LKR
Sudan,SD,Dinar,SDG
Suriname,SR,Surinamese Guilder,SRD
Swaziland,SZ,Lilangeni,SZL
Sweden,SE,Krona,SEK
Syrian Arab Republic,SY,Syrian Pound,SYP
Taiwan,TW,Dollar,TWD
Tajikistan,TJ,Tajikistan Ruble,TJS
Tanzania,TZ,Shilling,TZS
Thailand,TH,Baht,THB
Tonga,TO,Pa√ïanga,TOP
Trinidad and Tobago,TT,Trinidad and Tobago Dollar,TTD
Tunisia,TN,Tunisian Dinar,TND
Turkey,TR,Lira,TRY
Turkmenistan,TM,Manat,TMT
Uganda,UG,Shilling,UGX
Ukraine,UA,Hryvnia,UAH
United Arab Emirates,AE,Dirham,AED
Uruguay,UY,Peso,UYU
Uzbekistan,UZ,Som,UZS
Vanuatu,VU,Vatu,VUV
Vietnam,VN,Dong,VND
Yemen,YE,Rial,YER
Angola,AO,Angolan kwanza,AOA
Bosnia and Herzegovina,BA,Bosnia and Herzegovina convertible mark,BAM
Congo (Kinshasa),CD,Congolese Frank,CDF
Ghana,GH,Ghana cedi,GHS
Guernsey,GG,Guernsey pound,GGP
Laos,LA,Lao kip,LAK
Serbia,RS,Serbian dinar,RSD
